timestamp,open,high,low,close,volume
1719470700,1695,1699,1694.95,1698.9,149931
1719470760,1698.95,1699.75,1698.3,1699.45,87401
1719470820,1699.4,1701,1698.65,1700.3,102422
1719470880,1700.3,1701,1700,1700.75,53911
1719470940,1700.75,1700.95,1700.1,1700.5,29964
1719471000,1700.6,1701.55,1700.15,1701.2,30246
1719471060,1701.5,1701.85,1701.2,1701.85,25665
1719471120,1701.75,1702.95,1701.75,1702.2,60611
1719471180,1702.2,1702.95,1701.65,1702.8,35440
1719471240,1702.9,1703.2,1702.25,1702.9,46359
1719471300,1702.95,1702.95,1701.7,1702.2,29356
1719471360,1702.6,1702.6,1700.25,1700.95,38652
1719471420,1700.9,1701.05,1699.5,1700.35,32036
1719471480,1700.35,1700.9,1699.2,1700,33509
1719471540,1699.95,1700.35,1698.55,1699.25,25592
1719471600,1699.2,1699.85,1698.05,1699.4,33725
1719471660,1699.4,1700,1699.2,1699.95,25829
1719471720,1700,1700,1699.05,1699.7,14877
1719471780,1699.6,1699.6,1699,1699.5,11774
1719471840,1699.45,1701.85,1699.45,1701.85,25609
1719471900,1701.85,1702.45,1701.25,1702.45,24393
1719471960,1702.45,1703,1701.25,1702.15,29607
1719472020,1702.2,1702.95,1700.65,1702.75,18582
1719472080,1702.8,1702.8,1701.6,1702.55,17422
1719472140,1702.55,1702.6,1701.05,1701.95,15115
1719472200,1702,1702.45,1701,1701.75,20782
1719472260,1701.9,1701.9,1701,1701.3,16725
1719472320,1701.7,1701.7,1700.3,1701,20263
1719472380,1701.15,1701.55,1700.15,1701.5,20502
1719472440,1701.55,1702,1700.15,1701.5,48254
1719472500,1701.5,1701.5,1700.1,1700.7,62410
1719472560,1700.7,1700.7,1697.35,1697.35,68476
1719472620,1697.45,1697.9,1696.15,1697.6,80251
1719472680,1697.55,1697.6,1696.65,1696.65,66127
1719472740,1696.65,1699.35,1696.65,1699.35,87396
1719472800,1699.1,1700.15,1698.5,1699.85,74213
1719472860,1699.9,1702.05,1699.85,1700.85,98000
1719472920,1700.85,1701.25,1698.45,1700,116193
1719472980,1700,1701,1699.6,1699.65,58809
1719473040,1699.6,1699.65,1697.15,1697.25,57176
1719473100,1697.35,1697.75,1695.1,1695.1,86685
1719473160,1695.05,1698.1,1695.05,1695.55,63518
1719473220,1695.55,1696.75,1695.15,1696,69680
1719473280,1696,1698.25,1695.95,1697.95,18829
1719473340,1697.95,1697.95,1694.25,1695.55,33158
1719473400,1695.45,1697.65,1695.45,1697.45,34474
1719473460,1697.5,1697.85,1696,1696.3,19923
1719473520,1696.4,1697.85,1696.4,1697.35,27345
1719473580,1697.45,1698.15,1697.05,1698.1,27164
1719473640,1698.15,1699,1697.65,1698.85,27607
1719473700,1698.95,1699,1698.55,1699,16395
1719473760,1699,1699.05,1698.8,1699,14259
1719473820,1699.05,1699.1,1698.6,1698.65,19219
1719473880,1698.65,1699.3,1697.9,1699.3,23385
1719473940,1699.35,1700,1699.25,1699.95,29350
1719474000,1699.95,1700.25,1699.65,1700.2,18877
1719474060,1700.25,1700.45,1700.2,1700.45,20895
1719474120,1700.4,1700.55,1699.4,1699.6,18247
1719474180,1699.75,1699.75,1699,1699.45,16430
1719474240,1699.5,1700.2,1699.2,1700.1,28315
1719474300,1700.1,1700.3,1700.05,1700.25,18814
1719474360,1700.3,1700.3,1699.15,1699.5,43185
1719474420,1699.5,1701.95,1699.45,1701.95,49925
1719474480,1701.95,1702.25,1701.55,1702,45518
1719474540,1701.95,1702.2,1701.25,1702.1,19189
1719474600,1702.3,1703,1701.65,1702.95,31690
1719474660,1702.95,1702.95,1702.3,1702.55,20540
1719474720,1702.25,1703.4,1702,1702.9,40201
1719474780,1702.9,1703.35,1702.15,1703,34811
1719474840,1702.65,1703.4,1702.65,1702.8,37894
1719474900,1702.6,1702.95,1702,1702.65,17178
1719474960,1702.6,1702.65,1700.8,1701.7,26076
1719475020,1701.7,1701.7,1700,1700.5,33446
1719475080,1700.55,1700.9,1699.5,1700.1,55285
1719475140,1700.15,1700.55,1698.65,1700.15,32574
1719475200,1700.35,1700.5,1699.1,1700.3,46255
1719475260,1700.05,1700.9,1698.95,1700.7,28311
1719475320,1700.55,1700.65,1699.35,1699.9,31671
1719475380,1700,1700.5,1698.75,1699.8,18955
1719475440,1699.9,1700.25,1699.75,1700,24096
1719475500,1700.15,1700.6,1699.45,1700.2,28067
1719475560,1700.45,1701.85,1700.35,1701.45,24746
1719475620,1701.45,1701.55,1699.2,1699.2,23495
1719475680,1699.25,1700.3,1698.6,1699.75,24050
1719475740,1699.85,1700.85,1699.35,1699.95,26724
1719475800,1699.95,1701.55,1699.8,1700.35,33844
1719475860,1700.85,1702.35,1700.05,1702.35,76480
1719475920,1702.4,1702.65,1701.7,1702.15,51349
1719475980,1702.4,1703,1701.6,1702.55,47499
1719476040,1702.55,1702.95,1701.6,1702.55,36273
1719476100,1702.55,1702.9,1701.55,1701.65,38356
1719476160,1701.7,1702.4,1701.1,1702.05,35026
1719476220,1702.05,1702.25,1701.1,1702.15,26652
1719476280,1702,1702.25,1701.5,1701.8,46997
1719476340,1701.75,1701.75,1699.1,1700.6,43745
1719476400,1700.25,1701.1,1699.2,1701,44072
1719476460,1701,1701.45,1700.7,1701.1,20157
1719476520,1701,1701.5,1700.5,1701.2,20588
1719476580,1701.35,1701.8,1700.6,1701.3,30957
1719476640,1701.05,1701.55,1700.6,1701.45,25434
1719476700,1701.45,1702.35,1701.45,1702.35,34073
1719476760,1702.35,1702.6,1702.3,1702.45,38005
1719476820,1702.5,1703.5,1702.1,1703.5,62898
1719476880,1703.5,1703.9,1703,1703.45,34853
1719476940,1703.5,1703.7,1702.05,1702.9,20313
1719477000,1703.25,1703.65,1702.35,1703.6,26157
1719477060,1703.65,1704.15,1702.8,1703.25,25782
1719477120,1703.3,1703.7,1702.15,1703,34383
1719477180,1703,1703.15,1700.35,1701.15,54798
1719477240,1701.25,1701.25,1699.3,1700.3,35162
1719477300,1700.4,1701.15,1700,1700.25,28686
1719477360,1700.15,1701.2,1698.75,1701.2,39735
1719477420,1701.1,1701.2,1699,1699.2,36934
1719477480,1699.5,1700.95,1699.35,1700.5,22858
1719477540,1700.5,1701,1698.55,1698.8,41171
1719477600,1698.75,1699.65,1698.25,1699,27238
1719477660,1698.75,1700,1698.3,1699.3,33339
1719477720,1699.55,1700.2,1699.1,1699.9,27133
1719477780,1699.95,1700.5,1699.15,1700.25,65071
1719477840,1700.3,1700.9,1699.95,1700.7,51998
1719477900,1700.5,1701.4,1700.2,1701,58482
1719477960,1701.05,1702,1699.75,1701.6,61752
1719478020,1701.7,1702.05,1700.7,1701.5,80057
1719478080,1701.3,1702.55,1700.95,1702.2,103458
1719478140,1702.25,1702.4,1701,1701.05,45364
1719478200,1701,1701.8,1700.35,1701.15,42482
1719478260,1701.2,1702.1,1700.1,1700.3,36185
1719478320,1700.25,1701.7,1700.15,1701.15,55092
1719478380,1701.15,1701.35,1700.1,1701.25,34039
1719478440,1701.55,1701.55,1700,1700.2,32530
1719478500,1700,1701.15,1700,1701,39828
1719478560,1701.05,1701.05,1699.95,1700.05,52149
1719478620,1700.2,1700.2,1698.7,1699.55,53326
1719478680,1699.7,1700.4,1698.55,1699.15,43216
1719478740,1699.1,1700.7,1699.1,1700.15,52092
1719478800,1700.2,1701,1699.6,1699.6,40291
1719478860,1699.9,1699.9,1698,1698.35,59762
1719478920,1698.45,1699.4,1697.4,1698.75,58877
1719478980,1698.9,1700.35,1698,1698.9,68231
1719479040,1699,1700.6,1698.7,1699.8,119132
1719479100,1699.7,1700.55,1698.9,1700.4,77935
1719479160,1700.5,1701.1,1699,1699.9,94353
1719479220,1699.85,1701.5,1699.75,1701.45,77748
1719479280,1701.45,1702.4,1701.05,1702.25,86275
1719479340,1702.35,1703.1,1701.4,1702.25,84679
1719479400,1702.6,1703.25,1701.85,1703,83288
1719479460,1703.05,1703.65,1702.45,1703.6,79509
1719479520,1703.65,1703.95,1703.05,1703.85,88079
1719479580,1703.7,1704.5,1703.3,1704.25,72299
1719479640,1704.15,1706.9,1704,1706.35,127563
1719479700,1706.3,1706.7,1704.6,1704.7,84559
1719479760,1704.6,1706.35,1704.5,1706.1,84610
1719479820,1706.25,1707.25,1705.75,1706.75,90897
1719479880,1706.6,1707.75,1706.25,1707.05,63304
1719479940,1707.4,1707.7,1706.6,1707.55,65199
1719480000,1707.15,1708.3,1706.35,1708.15,86955
1719480060,1708.15,1708.4,1707,1708.05,99912
1719480120,1708.1,1708.35,1706.45,1707.2,83533
1719480180,1707.45,1708.5,1707.1,1707.65,70438
1719480240,1707.75,1708.15,1706.4,1707.35,64124
1719480300,1707.2,1707.85,1705.6,1706.85,72710
1719480360,1706.2,1707.25,1706.05,1707.05,70372
1719480420,1707.1,1707.2,1705.2,1705.75,65237
1719480480,1705.75,1706,1704.15,1704.3,53593
1719480540,1705.05,1706,1701.85,1705.75,96550
1719480600,1705.7,1706.25,1704.25,1704.25,442753
1719480660,1704.4,1704.4,1698.55,1698.7,384950
1719480720,1698.55,1698.55,1693.05,1693.05,354158
1719480780,1693.55,1695.7,1692.65,1693.75,687305
1719480840,1693.5,1694.3,1691.7,1693.25,529582
1719480900,1693.1,1694.5,1693.1,1694.25,358140
1719480960,1694.25,1695.9,1694.1,1695.15,503251
1719481020,1694.95,1696.45,1694.85,1695.8,366287
1719481080,1695.9,1697,1695.75,1696.25,368345
1719481140,1696.2,1697.1,1696.2,1696.45,312281
1719481200,1696.35,1696.65,1695.85,1696,331605
1719481260,1695.95,1696.85,1695.8,1695.9,313958
1719481320,1695.8,1696.45,1695.25,1695.3,311921
1719481380,1695.15,1695.2,1693.05,1694.1,303560
1719481440,1694.05,1694.85,1693,1693.85,289634
1719481500,1693.85,1696,1693.85,1694.65,309513
1719481560,1694.55,1695.9,1694.5,1695.25,307528
1719481620,1695.2,1696.1,1695.1,1695.65,224931
1719481680,1695.5,1697.2,1695.4,1696.4,275833
1719481740,1696.5,1696.95,1696.15,1696.25,255089
1719481800,1696.15,1698.05,1696.15,1697.85,256147
1719481860,1697.6,1698.65,1697.45,1698.15,224205
1719481920,1698.15,1698.8,1698.05,1698.1,222323
1719481980,1698.05,1698.1,1696,1696.15,249230
1719482040,1696.1,1697,1695.5,1695.85,208813
1719482100,1695.8,1697.5,1695.65,1696.55,173358
1719482160,1696.55,1698.05,1696.35,1696.65,153789
1719482220,1696.55,1697.45,1696.2,1696.25,173466
1719482280,1696.2,1696.95,1696,1696,88877
1719482340,1696,1697,1695.95,1696,60308
1719546300,1697.6,1705.1,1697,1701.25,755545
1719546360,1701.75,1703.85,1700.05,1703.35,105735
1719546420,1702.75,1703.3,1701.65,1702.25,96491
1719546480,1702.05,1706.6,1701.5,1705.55,96019
1719546540,1705.7,1706,1703.85,1704.5,87646
1719546600,1704.5,1704.8,1702.05,1702.7,66697
1719546660,1702.7,1703.85,1702.55,1703,35472
1719546720,1703.15,1705.5,1703.15,1704,42649
1719546780,1703.6,1704.1,1703,1703.95,39287
1719546840,1703.9,1704.75,1703.9,1704.35,26614
1719546900,1704.35,1705,1704,1704.45,32042
1719546960,1704.45,1706.15,1704.4,1705.65,40725
1719547020,1705.5,1705.5,1701.55,1701.6,44326
1719547080,1701.5,1702.2,1701,1701.8,38568
1719547140,1701.85,1702.1,1699.4,1699.85,71222
1719547200,1699.75,1699.85,1697.45,1698.05,46175
1719547260,1697.6,1700.15,1696.6,1700.15,48645
1719547320,1700.7,1703.2,1700.45,1702.7,28145
1719547380,1703,1703.55,1702.75,1703.2,44999
1719547440,1703.25,1703.9,1702.2,1702.3,18442
1719547500,1702.45,1702.45,1700,1701.8,29951
1719547560,1702.15,1702.35,1701.25,1701.6,22902
1719547620,1701.55,1703.35,1701.3,1703.35,32696
1719547680,1703.4,1703.7,1702,1703,31138
1719547740,1703,1703.5,1702.5,1702.95,16480
1719547800,1703.45,1704.5,1701.9,1704.45,26997
1719547860,1704.45,1704.85,1703.25,1703.7,17245
1719547920,1703.7,1704.45,1701.75,1702,42505
1719547980,1702,1702.95,1701.5,1701.6,22295
1719548040,1701.65,1701.7,1700.4,1701.2,16040
1719548100,1701.15,1702,1701,1701.85,15460
1719548160,1701.85,1702,1701,1701.45,20540
1719548220,1701.45,1701.45,1699.2,1700.25,47149
1719548280,1700,1701.3,1699.5,1700.4,22493
1719548340,1700.4,1700.5,1699.35,1700.45,36638
1719548400,1700.45,1700.75,1699.2,1699.6,25647
1719548460,1699.65,1700.5,1699,1699.8,30169
1719548520,1699.8,1702,1699.6,1701.25,28718
1719548580,1701.25,1702,1700.6,1701,25751
1719548640,1701,1701.2,1699.2,1700.6,33274
1719548700,1700.6,1700.6,1699.5,1699.85,17444
1719548760,1699.9,1700.95,1699.85,1700.6,18129
1719548820,1700.6,1700.95,1699.8,1699.8,38997
1719548880,1699.8,1699.8,1696.15,1698.8,46694
1719548940,1698.6,1699.7,1698.35,1698.55,19300
1719549000,1698.55,1700,1698.55,1699.7,16875
1719549060,1699.75,1700.25,1698.85,1699,33480
1719549120,1699.35,1701.2,1698.95,1701.2,26054
1719549180,1701.3,1702.45,1700.9,1701.35,45140
1719549240,1701.35,1701.9,1700.95,1701.45,15672
1719549300,1701.2,1702.5,1701.2,1702.45,17883
1719549360,1702.5,1703.1,1702.25,1702.3,25363
1719549420,1702.3,1703.65,1702.3,1703.5,19551
1719549480,1703.5,1704,1703,1703.85,21705
1719549540,1703.9,1703.9,1702.1,1702.8,26549
1719549600,1702.8,1703.4,1702.35,1703.35,20012
1719549660,1703.05,1703.8,1702.6,1703.55,12539
1719549720,1703.6,1703.65,1702.85,1703.05,16994
1719549780,1703.25,1703.7,1702.2,1702.5,24977
1719549840,1702.45,1703.5,1702.2,1702.3,21809
1719549900,1702.8,1703.25,1702.3,1702.45,16354
1719549960,1702.45,1702.6,1700.95,1701.8,27635
1719550020,1701.8,1701.95,1700.9,1700.9,20516
1719550080,1701.4,1701.9,1699.5,1699.85,31533
1719550140,1699.85,1701.65,1699.55,1701.55,15105
1719550200,1701.5,1701.65,1700.45,1701.25,16581
1719550260,1701.3,1701.95,1701.1,1701.75,14766
1719550320,1701.7,1702.25,1701.25,1701.65,22244
1719550380,1701.65,1702.85,1701.5,1702.7,22788
1719550440,1702.35,1703,1701.35,1702.95,15461
1719550500,1702.8,1703.2,1701.75,1702.2,17979
1719550560,1702.65,1702.8,1702.2,1702.45,13355
1719550620,1702.45,1703.1,1702.3,1703,19492
1719550680,1703.1,1704,1703.05,1703.45,16366
1719550740,1703.45,1703.85,1703.05,1703.6,24748
1719550800,1703.6,1704,1703.05,1704,25269
1719550860,1704,1704,1702.5,1702.9,24468
1719550920,1702.9,1703.4,1702.05,1703.25,21710
1719550980,1703.35,1703.35,1702.15,1702.75,17913
1719551040,1702.45,1702.7,1702.1,1702.35,15319
1719551100,1702.2,1702.4,1701.75,1702,17505
1719551160,1702.05,1702.1,1701.05,1701.95,11723
1719551220,1701.7,1702,1701.05,1701.95,14874
1719551280,1702,1702.35,1701.15,1702,18791
1719551340,1701.95,1702.65,1701.9,1702.5,10370
1719551400,1702.5,1703,1702.1,1702.1,15899
1719551460,1702.5,1703.5,1702,1703.1,46018
1719551520,1703.15,1703.25,1701.7,1702.05,22796
1719551580,1702.05,1702.75,1701.4,1701.8,22957
1719551640,1701.85,1702.55,1701.4,1702.2,9631
1719551700,1702.35,1702.7,1701.6,1702.05,12574
1719551760,1701.8,1702.15,1701.7,1701.95,19734
1719551820,1701.9,1701.95,1701.3,1701.6,17026
1719551880,1701.55,1701.7,1700.2,1701,27555
1719551940,1701,1701.4,1700.4,1700.85,19019
1719552000,1700.75,1700.95,1700.55,1700.85,11173
1719552060,1700.9,1701.8,1700.85,1701.7,17921
1719552120,1701.6,1702,1701.6,1701.95,10918
1719552180,1702,1702,1700.75,1700.9,14402
1719552240,1700.9,1701.2,1700.45,1700.6,14168
1719552300,1700.65,1701,1700.55,1700.95,8763
1719552360,1701,1701.45,1698.25,1699.1,28118
1719552420,1698.6,1699.75,1698.5,1699.15,17650
1719552480,1698.95,1699.6,1698.95,1699.6,12207
1719552540,1699.2,1699.75,1699.1,1699.6,14513
1719552600,1699.65,1700.65,1699.1,1699.55,23008
1719552660,1699.65,1700.25,1699.55,1699.8,15736
1719552720,1699.8,1699.95,1699.2,1699.65,12256
1719552780,1699.7,1700.1,1699.55,1700.1,10849
1719552840,1700.2,1700.8,1699.8,1700.05,22084
1719552900,1700.15,1700.25,1699.2,1699.25,19153
1719552960,1699.45,1699.95,1699.05,1699.65,19986
1719553020,1699.05,1700,1699.05,1699.1,13722
1719553080,1699.2,1699.4,1697,1698.75,31506
1719553140,1698.65,1699,1698.05,1698.05,17609
1719553200,1698.05,1698.9,1697.55,1697.95,22179
1719553260,1697.6,1698.9,1697.55,1698.4,11920
1719553320,1698.45,1698.45,1697.85,1698.05,12166
1719553380,1698.05,1698.2,1697.85,1697.95,12576
1719553440,1697.95,1698.1,1697,1697.7,20426
1719553500,1697.7,1697.9,1696,1696.55,38041
1719553560,1696.45,1696.6,1693.35,1693.95,49393
1719553620,1693.8,1694.85,1691.55,1694.85,46844
1719553680,1694.75,1694.85,1693.6,1694.55,22369
1719553740,1694.6,1696.65,1694.5,1696.65,24175
1719553800,1696.65,1698.05,1696.55,1697.85,24621
1719553860,1697.8,1698.7,1697.75,1697.9,44887
1719553920,1697.9,1697.95,1696.25,1697.95,32916
1719553980,1697.95,1698.65,1697.6,1698.6,21074
1719554040,1698.5,1698.7,1697.65,1697.85,17109
1719554100,1697.8,1699.9,1697.65,1699.8,22982
1719554160,1699.65,1699.8,1697.35,1697.45,22688
1719554220,1697.95,1699,1697.45,1698.5,21661
1719554280,1698.45,1698.9,1698,1698.5,14980
1719554340,1698.65,1698.65,1696,1696,19714
1719554400,1695.8,1696.8,1694.4,1696.35,35008
1719554460,1695.85,1697.4,1695.85,1697.3,16717
1719554520,1697.3,1698,1696.25,1696.45,22752
1719554580,1696.95,1698.15,1696.45,1697.45,39353
1719554640,1697.3,1698.45,1697.3,1697.9,27688
1719554700,1697.85,1699.65,1697.85,1699,23693
1719554760,1699,1700.75,1698.65,1699.45,38462
1719554820,1700,1700.4,1699,1699.55,13270
1719554880,1699.6,1699.65,1698.1,1698.6,35181
1719554940,1698.15,1698.85,1697.95,1698.25,15948
1719555000,1698.55,1699.3,1698.25,1699.15,11547
1719555060,1699.2,1700,1698.55,1699.9,27558
1719555120,1699.7,1700.15,1699.05,1699.7,17447
1719555180,1699.65,1700,1699.2,1699.9,17971
1719555240,1699.95,1700.9,1699.85,1700.7,16059
1719555300,1700.6,1700.8,1699.9,1700,14989
1719555360,1700,1700.9,1699.5,1700.9,19620
1719555420,1700.7,1701.7,1700.7,1701.65,25957
1719555480,1701.65,1701.65,1700.8,1701.2,19003
1719555540,1700.85,1701.2,1700.45,1700.5,14536
1719555600,1700.5,1701.5,1700.2,1701.4,12974
1719555660,1701.4,1701.45,1700.95,1701,11710
1719555720,1701.05,1701.5,1700.9,1701.45,17992
1719555780,1701.4,1701.45,1699.8,1700.3,16075
1719555840,1700.3,1701.45,1700.3,1701.45,12301
1719555900,1701.45,1701.65,1701.1,1701.5,12118
1719555960,1701.4,1701.8,1701.35,1701.8,13482
1719556020,1701.65,1701.9,1701.65,1701.8,10284
1719556080,1701.85,1701.95,1700.45,1700.8,18220
1719556140,1700.9,1701.8,1700.05,1701.1,14530
1719556200,1700.95,1701.05,1700.45,1701.05,12772
1719556260,1701,1701.7,1701,1701.5,11749
1719556320,1701.45,1701.5,1701.15,1701.3,11052
1719556380,1701.35,1702,1701.3,1701.4,34046
1719556440,1701.4,1701.85,1701,1701.75,13862
1719556500,1701.75,1701.75,1700.8,1701.35,8666
1719556560,1701.4,1701.5,1701.35,1701.45,7972
1719556620,1701.45,1701.45,1700.3,1700.65,10511
1719556680,1700.7,1701.4,1700.1,1701.3,12653
1719556740,1701.35,1701.8,1700.75,1700.95,9482
1719556800,1700.75,1701.5,1700.3,1700.8,12741
1719556860,1700.7,1701,1700,1700.05,10548
1719556920,1700.55,1700.85,1700.05,1700.25,8921
1719556980,1700.25,1700.25,1699,1699.8,13007
1719557040,1699.8,1700.05,1699.6,1699.95,18706
1719557100,1699.95,1700.5,1699.6,1700.05,12718
1719557160,1700,1700,1699.5,1699.5,17120
1719557220,1699.4,1699.4,1696.55,1697.2,29872
1719557280,1697.65,1698.55,1696.45,1698.55,20304
1719557340,1698.55,1698.85,1697.65,1697.85,23162
1719557400,1697.85,1698,1695.25,1695.25,26003
1719557460,1695.25,1695.75,1692.45,1693,79559
1719557520,1693.25,1694.9,1692.7,1693.9,43546
1719557580,1693.9,1694.7,1693.1,1694.6,31806
1719557640,1694.6,1696.65,1693.9,1695.4,28251
1719557700,1695.4,1695.4,1693.6,1693.8,27334
1719557760,1693.8,1694.5,1692.7,1693.05,25389
1719557820,1693.1,1694.25,1693.1,1693.75,23942
1719557880,1694,1694,1693,1693.1,19100
1719557940,1693,1693,1691.15,1692.3,46852
1719558000,1692.55,1692.65,1691.05,1691.25,27835
1719558060,1691.3,1692.35,1690.35,1691.75,24835
1719558120,1691.85,1692.8,1691.3,1692.65,10117
1719558180,1692.75,1693.15,1691,1691.05,15164
1719558240,1691.1,1691.4,1690,1690.85,32403
1719558300,1691,1692.75,1690.25,1692.1,20859
1719558360,1692.1,1692.45,1691.05,1691.35,45458
1719558420,1691.35,1692.35,1690.6,1691.2,25547
1719558480,1691.25,1692.25,1690.5,1691.8,24174
1719558540,1691.8,1691.95,1690.75,1691.2,18386
1719558600,1691.25,1692.3,1691.2,1691.9,18604
1719558660,1691.9,1692.95,1691.45,1692.4,14891
1719558720,1692.7,1693.7,1692.3,1692.9,22994
1719558780,1692.85,1693.4,1691.8,1693.15,50626
1719558840,1693.2,1693.7,1692.8,1693,11340
1719558900,1693,1693.75,1692.8,1693.75,11166
1719558960,1693.75,1695,1693.55,1694.7,19767
1719559020,1694.5,1694.65,1693,1693.4,10057
1719559080,1693.3,1693.75,1692.25,1692.5,12758
1719559140,1692.55,1692.6,1692,1692.15,11474
1719559200,1692.2,1692.3,1690,1690.1,24642
1719559260,1690.1,1691.8,1689.25,1691.55,42522
1719559320,1691.55,1691.55,1690,1690.05,9932
1719559380,1690.2,1691,1689.55,1690.55,18535
1719559440,1690.8,1691.1,1690.4,1690.95,9503
1719559500,1691,1691.5,1690.25,1691.25,12596
1719559560,1691.45,1692.55,1691.3,1692.4,14712
1719559620,1692.4,1693.6,1692.4,1693,13711
1719559680,1693,1693.2,1691.4,1691.8,18823
1719559740,1691.45,1692,1690.65,1691.95,15883
1719559800,1691.95,1692.45,1691.8,1692.1,11390
1719559860,1692.25,1692.25,1690.35,1691.45,26420
1719559920,1691.5,1691.65,1690.4,1690.75,11028
1719559980,1690.9,1691.5,1690.2,1691.2,12781
1719560040,1691.25,1691.25,1690.45,1691.05,11870
1719560100,1691.05,1691.9,1690.45,1690.7,9753
1719560160,1690.65,1690.75,1690.4,1690.5,9069
1719560220,1690.5,1690.5,1689.65,1690.35,17067
1719560280,1690.35,1690.55,1688.1,1688.8,23560
1719560340,1688.8,1689.1,1687.5,1688.2,22725
1719560400,1688.25,1688.25,1686.65,1687.45,20941
1719560460,1687.45,1688.35,1687.2,1687.6,12260
1719560520,1687.6,1688.9,1687.35,1688.75,17502
1719560580,1688.75,1688.8,1687.4,1687.85,20734
1719560640,1687.75,1689.5,1687.15,1688.65,20503
1719560700,1688.65,1690.85,1688.3,1690.1,29331
1719560760,1690.75,1690.75,1689,1689.15,23819
1719560820,1689.05,1689.5,1688.65,1689,13439
1719560880,1689,1689,1687.9,1688.4,15048
1719560940,1688.2,1688.4,1687.05,1687.65,18456
1719561000,1687.7,1688.45,1687.05,1687.05,16030
1719561060,1687.2,1687.7,1687.1,1687.45,14675
1719561120,1687.5,1688.1,1687.4,1687.7,12471
1719561180,1687.7,1688.75,1687.65,1687.7,16426
1719561240,1687.7,1688.55,1687.5,1687.9,20484
1719561300,1687.9,1689,1687.85,1688.4,16596
1719561360,1688.35,1688.75,1687.15,1687.25,19195
1719561420,1687.7,1689,1686.9,1689,30715
1719561480,1689.25,1690.05,1689,1689.05,36742
1719561540,1689.4,1690,1689,1689.3,16144
1719561600,1689.4,1690.5,1688.55,1690.5,33869
1719561660,1690.25,1691.5,1690,1690.6,24512
1719561720,1690.55,1690.6,1689.25,1689.25,11140
1719561780,1689.7,1690.5,1689,1690.35,11379
1719561840,1690.35,1690.5,1689.4,1690.3,9877
1719561900,1690.2,1690.55,1688.9,1690.55,19068
1719561960,1690.65,1691.65,1690.3,1691.2,23208
1719562020,1690.9,1691.6,1690.6,1690.9,15477
1719562080,1691.35,1691.6,1689.95,1690.8,48867
1719562140,1691,1691.85,1690.6,1690.8,29510
1719562200,1691,1691,1690.1,1690.35,36585
1719562260,1690.35,1691.7,1690.35,1691,36007
1719562320,1691.45,1693.6,1690.95,1693.45,49358
1719562380,1693.5,1694.5,1692.65,1693.6,41356
1719562440,1693.45,1694,1691.35,1692,28883
1719562500,1692,1693.7,1691.25,1693.25,24021
1719562560,1693.7,1694.9,1693.1,1694.5,17567
1719562620,1694.4,1695,1694,1694.25,15278
1719562680,1694.65,1694.8,1693.55,1694.8,22962
1719562740,1694.5,1694.7,1693.15,1694,17842
1719562800,1694,1694.5,1693.1,1693.1,16218
1719562860,1693.05,1693.5,1691.95,1693.15,14844
1719562920,1693.45,1693.95,1692.85,1693,14309
1719562980,1693,1693.5,1691.9,1692.3,21596
1719563040,1692.6,1693.8,1692.45,1693.6,35649
1719563100,1693.55,1693.85,1692.45,1692.65,21655
1719563160,1692.9,1693.3,1692.2,1692.95,13970
1719563220,1692.95,1693.35,1692,1693.1,15044
1719563280,1693.1,1693.3,1692.05,1692.65,12736
1719563340,1692.15,1693.05,1691.15,1693.05,26441
1719563400,1693.15,1693.35,1691.7,1693,25180
1719563460,1692.85,1693.5,1691.95,1692.85,14618
1719563520,1693.35,1693.75,1692.6,1693.75,21075
1719563580,1693.85,1695.3,1693.85,1695.1,29021
1719563640,1695.3,1695.8,1694.25,1695.4,17287
1719563700,1695.05,1695.45,1694.2,1694.9,20695
1719563760,1694.9,1695.2,1694.85,1695.2,14122
1719563820,1695.3,1696,1694.4,1695.9,22124
1719563880,1695.9,1696.5,1694.9,1695.55,16006
1719563940,1695.55,1697,1695.55,1697,16568
1719564000,1697,1697.75,1696.4,1696.4,21036
1719564060,1697.4,1697.5,1696,1697,24925
1719564120,1696.6,1697.25,1696.2,1696.75,12718
1719564180,1696.75,1697.05,1695.45,1695.85,20369
1719564240,1695.9,1696.2,1695.25,1696,23092
1719564300,1695.95,1696.9,1695.35,1696.7,21214
1719564360,1696.7,1696.7,1695.6,1696.1,9412
1719564420,1696.1,1696.6,1695.2,1695.65,12473
1719564480,1695.65,1695.65,1694.25,1694.9,19498
1719564540,1694.9,1696,1694.8,1695.95,10724
1719564600,1695.95,1696.35,1694.75,1695.35,11488
1719564660,1695.3,1695.5,1694.4,1695.45,28546
1719564720,1695.45,1695.45,1694.05,1694.45,13309
1719564780,1694.45,1694.95,1693.7,1694.45,12405
1719564840,1694.45,1695,1693.05,1693.8,28233
1719564900,1694.1,1694.25,1692.55,1693.35,17257
1719564960,1693.3,1693.95,1691.35,1692.05,15587
1719565020,1692.1,1693.9,1692.05,1693.45,13966
1719565080,1693.4,1693.4,1691.2,1692.35,23727
1719565140,1692.05,1692.45,1690.2,1690.8,37043
1719565200,1691.2,1692.4,1690.55,1691.35,29163
1719565260,1691.6,1692,1688.95,1689.45,63549
1719565320,1688.95,1689.65,1685.5,1686.2,95274
1719565380,1686.4,1687.65,1686,1686.55,48606
1719565440,1686.55,1688.1,1685.35,1686.35,45336
1719565500,1686.5,1688.2,1686.25,1687.8,40422
1719565560,1687.85,1688.4,1686.85,1686.95,51442
1719565620,1686.95,1688.9,1686.95,1688.3,33823
1719565680,1687.8,1689.1,1687.25,1688.9,37716
1719565740,1689.45,1689.85,1687.7,1688.35,47495
1719565800,1688.4,1689.3,1687.2,1687.25,62852
1719565860,1688,1688,1685.35,1685.45,63270
1719565920,1685.4,1686.65,1684.55,1685.2,63673
1719565980,1685.15,1688.65,1685.15,1688,28466
1719566040,1687.85,1688.7,1686.9,1688.7,24301
1719566100,1688.65,1690.05,1688.65,1690,29996
1719566160,1689.95,1691.45,1689,1691.25,26389
1719566220,1691.3,1691.65,1690.4,1691,24459
1719566280,1691,1691.15,1689.35,1691.1,17356
1719566340,1691.15,1691.65,1690.15,1690.75,26524
1719566400,1690.6,1690.8,1689.05,1690.7,27453
1719566460,1690.7,1691.35,1690,1690.35,32005
1719566520,1690.55,1691,1689.1,1689.5,29622
1719566580,1689.05,1690.55,1689.05,1690.2,43150
1719566640,1689.9,1691.45,1689.85,1690.35,39934
1719566700,1690.5,1691.25,1688.55,1689.4,57742
1719566760,1689.15,1690.15,1688.6,1688.85,45028
1719566820,1688.85,1690.6,1688.85,1689.35,34108
1719566880,1689.35,1689.75,1687.4,1687.4,42257
1719566940,1687.7,1689,1686.8,1686.8,30129
1719567000,1687,1688.25,1686.4,1686.85,172651
1719567060,1687.3,1687.95,1686.05,1686.1,121009
1719567120,1686.05,1686.15,1685.1,1685.25,137162
1719567180,1685.3,1685.85,1683.5,1684,147811
1719567240,1683.95,1685,1683.65,1684.55,128781
1719567300,1684.55,1687.4,1684.5,1687.4,139768
1719567360,1687.35,1687.95,1685.6,1686.1,180591
1719567420,1686.15,1687.1,1685.2,1685.7,143690
1719567480,1685.25,1687.55,1685.25,1687.25,131059
1719567540,1687.25,1687.8,1686.7,1686.7,154980
1719567600,1686.85,1687.25,1684.4,1684.85,139650
1719567660,1684.75,1685,1681.75,1682.95,161118
1719567720,1683.05,1683.9,1681.2,1681.7,125050
1719567780,1681.7,1682,1680.5,1681.2,151897
1719567840,1681.15,1683,1680.95,1681.05,124238
1719567900,1681.05,1681.2,1679.05,1679.7,168679
1719567960,1679.7,1680.75,1679.55,1679.7,117087
1719568020,1679.7,1681.55,1679,1681.4,191350
1719568080,1681.35,1681.9,1680.25,1681.1,176315
1719568140,1681.45,1683.5,1681.25,1683.45,122527
1719568200,1683.4,1683.75,1682.3,1683,148839
1719568260,1683,1683.7,1682.8,1683,124763
1719568320,1683,1683,1682.45,1682.95,90303
1719568380,1683,1683.65,1681.9,1683.45,160098
1719568440,1683.45,1683.65,1682.85,1682.85,95326
1719568500,1682.8,1684.75,1682.45,1684.45,120513
1719568560,1684.45,1684.8,1683.2,1683.5,95400
1719568620,1683.95,1684,1682.15,1683.4,113432
1719568680,1683.4,1686.5,1682.8,1684.6,72481
1719568740,1684.45,1686.4,1682.95,1685,34833